---
title: sql语法相关学习笔记
date: 2021-10-18 14:15:00
tags:
categories: [Program, Web]
---

# 前言

# 一、语法

## 1. 基础语法

```sql
-- 这是注释
```

## 2. select

### 2.1. order by 排序

```sql
-- 根据某一列排序（列名）
select * from table_test order by id
-- 根据某一列排序（序号）
select * from table_test order by 3
```

#### 1) order by什么情况下会使用索引进行排序

- 正常直接`order by`是不会使用索引进行排序的，当`order by`的字段在`where`中则会使用索引进行排序
- 测试得到如下四个结果
    - `order by`的字段不在where条件不在select中，有排序操作
    - `order by`的字段不在where条件但在select中，有排序操作
    - `order by`的字段在where条件但不在select中，无排序操作，使用索引排序后查数据
    - `order by`的字段在where条件但不在select中(倒序) ，无排序操作，使用索引排序后查数据

**原因**

sql处理分为三个阶段：

1. 根据where条件和统计信息生成执行计划
2. 处理数据
3. 返回数据

当第二步要对数据进行排序时，发现第一步执行计划中使用到了索引，而索引正好是排序字段，则直接使用索引进行排序

#### 2) where和order by字段不一样如何使用索引排序

- 需要添加联合索引，并且联合索引要求where中的字段在前面，order by中的字段在后面

```sql
-- 直接执行where配合查询，不会使用索引排序，直接内存排序
mysql> explain select name from resource where status=1 order by name;
+----+-------------+----------+------------+------+-----------------+-----------------+---------+-------+------+----------+----------------+
| id | select_type | table    | partitions | type | possible_keys   | key             | key_len | ref   | rows | filtered | Extra          |
+----+-------------+----------+------------+------+-----------------+-----------------+---------+-------+------+----------+----------------+
|  1 | SIMPLE      | resource | NULL       | ref  | resource_status | resource_status | 5       | const |   24 |   100.00 | Using filesort |
+----+-------------+----------+------------+------+-----------------+-----------------+---------+-------+------+----------+----------------+
1 row in set, 1 warning (0.00 sec)

-- 添加order by的字段在前的索引，还是使用内存排序，不会使用索引
mysql> create index name_status on resource (name, status);
Query OK, 0 rows affected (1.50 sec)
Records: 0  Duplicates: 0  Warnings: 0

mysql> explain select name from resource where status=1 order by name;
+----+-------------+----------+------------+------+-----------------------------+-----------------+---------+-------+------+----------+----------------+
| id | select_type | table    | partitions | type | possible_keys               | key             | key_len | ref   | rows | filtered | Extra          |
+----+-------------+----------+------------+------+-----------------------------+-----------------+---------+-------+------+----------+----------------+
|  1 | SIMPLE      | resource | NULL       | ref  | resource_status,name_status | resource_status | 5       | const |   24 |   100.00 | Using filesort |
+----+-------------+----------+------------+------+-----------------------------+-----------------+---------+-------+------+----------+----------------+
1 row in set, 1 warning (0.01 sec)

mysql> alter table resource drop index name_status;
Query OK, 0 rows affected (0.27 sec)
Records: 0  Duplicates: 0  Warnings: 0

-- 添加where字段在前的索引，就会使用索引进行排序
mysql> create index status_name on resource (status, name);
Query OK, 0 rows affected (0.52 sec)
Records: 0  Duplicates: 0  Warnings: 0

mysql> explain select name from resource where status=1 order by name;
+----+-------------+----------+------------+------+-----------------------------+-------------+---------+-------+------+----------+-------------+
| id | select_type | table    | partitions | type | possible_keys               | key         | key_len | ref   | rows | filtered | Extra       |
+----+-------------+----------+------------+------+-----------------------------+-------------+---------+-------+------+----------+-------------+
|  1 | SIMPLE      | resource | NULL       | ref  | resource_status,status_name | status_name | 5       | const |   24 |   100.00 | Using index |
+----+-------------+----------+------------+------+-----------------------------+-------------+---------+-------+------+----------+-------------+
1 row in set, 1 warning (0.00 sec)
```

### 2.2. union 联表

-   union 将两个表的数据合并，需要保证列数一致
-   会使用第一个 select 对应的列，第二个 select 仅留下数据

```sql
-- 将两个表的数据合并，只列出不同的值
select column1 from table1
union
select column1 from table2
-- 允许有相同的值
select column1 from table1
union all
select column1 from table2
```

### 2.3. distinct 去重

```sql
select distinct name from table1;
```

### 2.4. group by 统计

```sql
select name, count(*) as count from table1 group by name order by count;
```

### 2.5. where

#### (1) null判断

```sql
select name from table1 where id is not null

select name from table1 where id is null
```

### 2.6. concat 字符串拼接

- 将查询结果拼接其他字符串展示

```sql
SELECT concat('DROP TABLE IF EXISTS ', table_name, ';')
FROM information_schema.tables
WHERE table_schema = 'mydb';
```

## 3. truncate

### 3.1. 用法

-   删除一个表里面所有数据
-   sqlite不支持此命令

```sql
truncate table [table_name]
--也可以不带table
truncate [table_name]
```

### 3.2. truncate 和 delete 的区别

|          | truncate                     | delete                         |
| -------- | ---------------------------- | ------------------------------ |
| 功能     | 删除表的所有数据             | 可以删除所有，也可以只删除部分 |
| 行为     | 删除内容，不删除表，释放空间 | 删除内容，不删除表，不释放空间 |
| 速度     | 快                           | 慢                             |
| 日志     | 一条页的释放日志             | 一条一条删，每行都有日志       |
| 能否恢复 | 由于空间被释放，无法恢复     | 可以被回滚                     |

## 4. replace

### 4.1. 基础用法

```sql
replace into emm_data
    (`path`, `size`, `modify`) value('/a/b/c', '12345', '2022-02-22 22:22:22')
```

# 二、特定数据库软件

## 1. mysql

### 1.1. 查看相关

#### 1) 查看历史执行的sql语句记录

**查看当前日志配置**

- `log_output`是FILE，会记录在`general_log_file`里面
- `log_output`是TABLE，会记录在`mysql.geral_log`表里面

```sql
mysql> show variables like '%general_log%';
+------------------+---------------------------+
| Variable_name    | Value                     |
+------------------+---------------------------+
| general_log      | OFF                       |
| general_log_file | /var/lib/mysql/aTrust.log |
+------------------+---------------------------+
2 rows in set (0.00 sec)

mysql> show variables like '%log_output%';
+---------------+-------+
| Variable_name | Value |
+---------------+-------+
| log_output    | FILE  |
+---------------+-------+
1 row in set (0.00 sec)
```

**打开日志**

```sql
mysql> set global log_output = 'FILE,TABLE';
Query OK, 0 rows affected (0.00 sec)

mysql> set global general_log = 'ON';
Query OK, 0 rows affected (0.00 sec)

```

查看文件

```shell
=> tail -f /path/to/log
2022-02-19T03:15:02.002365Z     941903 Prepare  SELECT * FROM `uem_app_wp` WHERE (`app_type`=?) AND (updated_at < ?) AND (`state` IN (?,?))
2022-02-19T03:15:02.002444Z     941903 Execute  SELECT * FROM `uem_app_wp` WHERE (`app_type`=1) AND (updated_at < '2022-02-19 11:14:02') AND (`state` IN ('2','3'))
2022-02-19T03:15:02.003244Z     941903 Close stmt
2022-02-19T03:15:02.286509Z     941910 Connect  sdpSys@localhost on sdp using SSL/TLS
2022-02-19T03:15:02.287029Z     941910 Query    select @@version_comment limit 1
2022-02-19T03:15:02.287341Z     941910 Query    select count(distinct name, domain) from user_online_status_v2
2022-02-19T03:15:02.288005Z     941910 Quit
```

查看数据库

```sql
mysql> select * from mysql.general_log order by event_time desc limit 5\G;
...
```

#### 2) 查看建表语句

```sql
mysql> show create table test_table;
```

#### 3) 查看数据库表都有哪些索引

```sql
mysql> show index from resource;
+----------+------------+-------------------+--------------+-----------------+-----------+-------------+----------+--------+------+------------+---------+---------------+---------+------------+
| Table    | Non_unique | Key_name          | Seq_in_index | Column_name     | Collation | Cardinality | Sub_part | Packed | Null | Index_type | Comment | Index_comment | Visible | Expression |
+----------+------------+-------------------+--------------+-----------------+-----------+-------------+----------+--------+------+------------+---------+---------------+---------+------------+
| resource |          0 | PRIMARY           |            1 | id              | A         |          24 |     NULL |   NULL |      | BTREE      |         |               | YES     | NULL       |
| resource |          0 | resource_name     |            1 | name            | A         |          24 |     NULL |   NULL | YES  | BTREE      |         |               | YES     | NULL       |
| resource |          1 | resource_group_id |            1 | group_id        | A         |           3 |     NULL |   NULL | YES  | BTREE      |         |               | YES     | NULL       |
+----------+------------+-------------------+--------------+-----------------+-----------+-------------+----------+--------+------+------------+---------+---------------+---------+------------+
15 rows in set (0.29 sec)
```

### 1.1. 表情符号导致无法插入数据库

- utf8无法支持表情符号，需要将数据库转到utf8mb4

```sql
ALTER TABLE mirror_user CHANGE name name varchar(128) CHARACTER SET utf8mb4 COLLATE utf8mb4_bin;
```

### 1.4. json操作

#### (1) 查询

- `->`使用双引号包裹
- `->>`不使用双引号

```sql
mysql> select id, config -> '$.config.url' as requestUrl, config ->> '$.config.url' as requestUrl1 from auth_plugin_template where id='8d5cdeb4-e2db-11ea-9a8c-fefcfead2706';
+--------------------------------------+-------------------------------+-----------------------------+
| id                                   | requestUrl                    | requestUrl1                 |
+--------------------------------------+-------------------------------+-----------------------------+
| 8d5cdeb4-e2db-11ea-9a8c-fefcfead2706 | "https://qyapi.weixin.qq.com" | https://qyapi.weixin.qq.com |
+--------------------------------------+-------------------------------+-----------------------------+
```

#### (2) 更新

```sql
mysql> update tab_json set data = json_set(data, "$.passcode", "654567") where id = 1;
```

### 1.5. 内置数据库

#### (1) information_schema

##### a. tables表

```sql
mysql> select * from information_schema.tables\G;
*************************** 1. row ***************************
  TABLE_CATALOG: def
   TABLE_SCHEMA: sdp                -- 数据库名
     TABLE_NAME: device_approval    -- 数据表名
     TABLE_TYPE: BASE TABLE
         ENGINE: InnoDB
        VERSION: 10
     ROW_FORMAT: Dynamic
     TABLE_ROWS: 0
 AVG_ROW_LENGTH: 0
    DATA_LENGTH: 16384
MAX_DATA_LENGTH: 0
   INDEX_LENGTH: 65536
      DATA_FREE: 0
 AUTO_INCREMENT: NULL
    CREATE_TIME: 2022-03-04 15:50:48
    UPDATE_TIME: NULL
     CHECK_TIME: NULL
TABLE_COLLATION: utf8mb4_bin
       CHECKSUM: NULL
 CREATE_OPTIONS:
  TABLE_COMMENT: 授信终端用户申请表
1 rows in set (0.02 sec)


```

### 1.6. 基本操作

#### 1) 数据库操作

- 语法

```sql
CREATE DATABASE [IF NOT EXISTS] <数据库名>
[[DEFAULT] CHARACTER SET <字符集名>]
[[DEFAULT] COLLATE <校对规则名>];
```

#### 2) 数据表操作

```sql
-- 创建数据表
CREATE TABLE `emm_data` (
  `id` int unsigned NOT NULL AUTO_INCREMENT,
  `path` varchar(512) COLLATE utf8mb4_bin NOT NULL,
  `size` int unsigned NOT NULL,
  `modify` date DEFAULT NULL,
  PRIMARY KEY (`id`),
  UNIQUE KEY `emm_data_path` (`path`)
) ENGINE=InnoDB DEFAULT CHARSET=utf8mb4 COLLATE=utf8mb4_bin

-- 删除数据表
drop table emm_data
```

##### (1) 索引

```sql
-- 创建索引，多个列就是联合索引
mysql> ALTER TABLE table_name ADD INDEX index_name(column_name,...)
-- 删除索引
mysql> ALTER TABLE table_name DROP INDEX index_name;
```

##### (2) 查看列详细信息

```sql
mysql> SHOW FULL COLUMNS FROM table_name WHERE Field='column_name';
```

示例

```sql
mysql> SHOW FULL COLUMNS FROM resource WHERE Field='name';
+-------+-----------+----------------+------+-----+---------+-------+---------------------------------+---------+
| Field | Type      | Collation      | Null | Key | Default | Extra | Privileges                      | Comment |
+-------+-----------+----------------+------+-----+---------+-------+---------------------------------+---------+
| name  | char(255) | gbk_chinese_ci | YES  |     | NULL    |       | select,insert,update,references |         |
+-------+-----------+----------------+------+-----+---------+-------+---------------------------------+---------+
1 row in set (0.01 sec)

```

### 1.7. 数据库基本类型

| 类型     | 描述           |
| -------- | -------------- |
| date     | 日期，精确到天 |
| datetime | 日期，精确到秒 |

### 1.8. 列求和

```sql
mysql> select sum(size) from emm_data where id > '5';
```

### 1.9. 添加函数索引

- 可以对数据库的列添加函数索引，注意函数外面的括号不能少

```sql
mysql> CREATE INDEX gbk_name_idx ON resource ((CONVERT(name USING gbk)));
```

### 1.10. 添加计算列

- 添加某一列的数据跟随另一列进行计算得到，计算式放as后面

```sql
mysql> alter table resource add column name_gbk varchar(128) character set gbk as (convert(name using gbk));
```

## 2. sqlite3

### 2.1. 系统表

#### (1) `sqlite_master`

sqlite数据库有一个系统表`sqlite_master`储存了数据库表的信息

```sql
sqlite> .mod line
sqlite> select * from sqlite_master;
    type = table
    name = task
tbl_name = task
rootpage = 2
     sql = CREATE TABLE `task` (
  `id` INTEGER PRIMARY KEY AUTOINCREMENT
)

    type = table
    name = sqlite_sequence
tbl_name = sqlite_sequence
rootpage = 3
     sql = CREATE TABLE sqlite_sequence(name,seq)
```

#### (2) `sqlite_sequence`

`sqlite_sequence`表也是SQLite的系统表。该表用来保存其他表的RowID的最大值。数据库被创建时，`sqlite_sequence`表会被自动创建。该表包括两列。第一列为name，用来存储表的名称。第二列为seq，用来保存表对应的RowID的最大值。该值最大值为9223372036854775807。当对应的表增加记录，该表会自动更新。当表删除，该表对应的记录也会自动删除。如果该值超过最大值，会引起`SQL_FULL`错误。所以，一旦发现该错误，用户不仅要检查SQLite文件所在的磁盘空间是否不足，还需要检查是否有表的ROWID达到最大值。

```sql
sqlite> .mod line
sqlite> select * from sqlite_sequence;
 name = task
  seq = 13
```

# 踩坑记
