---
title: sql相关学习笔记
date: 2021-10-18 14:15:00
tags:
categories: [Program, Web]
---

# 前言

# 一、语法

## 1. 基础语法

```sql
-- 这是注释
```

## 2. select

### 2.1. order by 排序

```sql
-- 根据某一列排序（列名）
select * from table_test order by id
-- 根据某一列排序（序号）
select * from table_test order by 3
```

### 2.2. union 联表

-   union 将两个表的数据合并，需要保证列数一致
-   会使用第一个 select 对应的列，第二个 select 仅留下数据

```sql
-- 将两个表的数据合并，只列出不同的值
select column1 from table1
union
select column1 from table2
-- 允许有相同的值
select column1 from table1
union all
select column1 from table2
```

### 2.3. distinct 去重

```sql
select distinct name from table1;
```

### 2.4. group by 统计

```sql
select name, count(*) as count from table1 group by name order by count;
```

### 2.5. where

#### (1) null判断

```sql
select name from table1 where id is not null

select name from table1 where id is null
```

## 3. truncate

### 3.1. 用法

-   删除一个表里面所有数据
-   sqlite不支持此命令

```sql
truncate table [table_name]
--也可以不带table
truncate [table_name]
```

### 3.2. truncate 和 delete 的区别

|          | truncate                     | delete                         |
| -------- | ---------------------------- | ------------------------------ |
| 功能     | 删除表的所有数据             | 可以删除所有，也可以只删除部分 |
| 行为     | 删除内容，不删除表，释放空间 | 删除内容，不删除表，不释放空间 |
| 速度     | 快                           | 慢                             |
| 日志     | 一条页的释放日志             | 一条一条删，每行都有日志       |
| 能否恢复 | 由于空间被释放，无法恢复     | 可以被回滚                     |

# 二、特定数据库软件

## 1. mysql

### 1.1. 表情符号导致无法插入数据库

- utf8无法支持表情符号，需要将数据库转到utf8mb4

```sql
ALTER TABLE mirror_user CHANGE name name varchar(128) CHARACTER SET utf8mb4 COLLATE utf8mb4_bin;
```

### 1.2. 查看历史执行的sql语句记录

**查看当前日志配置**

- `log_output`是FILE，会记录在`general_log_file`里面
- `log_output`是TABLE，会记录在`mysql.geral_log`表里面

```sql
mysql> show variables like '%general_log%';
+------------------+---------------------------+
| Variable_name    | Value                     |
+------------------+---------------------------+
| general_log      | OFF                       |
| general_log_file | /var/lib/mysql/aTrust.log |
+------------------+---------------------------+
2 rows in set (0.00 sec)

mysql> show variables like '%log_output%';
+---------------+-------+
| Variable_name | Value |
+---------------+-------+
| log_output    | FILE  |
+---------------+-------+
1 row in set (0.00 sec)
```

**打开日志**

```sql
mysql> set global log_output = 'FILE,TABLE';
Query OK, 0 rows affected (0.00 sec)

mysql> set global general_log = 'ON';
Query OK, 0 rows affected (0.00 sec)

```

查看文件

```shell
=> tail -f /path/to/log
2022-02-19T03:15:02.002365Z     941903 Prepare  SELECT * FROM `uem_app_wp` WHERE (`app_type`=?) AND (updated_at < ?) AND (`state` IN (?,?))
2022-02-19T03:15:02.002444Z     941903 Execute  SELECT * FROM `uem_app_wp` WHERE (`app_type`=1) AND (updated_at < '2022-02-19 11:14:02') AND (`state` IN ('2','3'))
2022-02-19T03:15:02.003244Z     941903 Close stmt
2022-02-19T03:15:02.286509Z     941910 Connect  sdpSys@localhost on sdp using SSL/TLS
2022-02-19T03:15:02.287029Z     941910 Query    select @@version_comment limit 1
2022-02-19T03:15:02.287341Z     941910 Query    select count(distinct name, domain) from user_online_status_v2
2022-02-19T03:15:02.288005Z     941910 Quit
```

查看数据库

```sql
mysql> select * from mysql.general_log order by event_time desc limit 5\G;
...
```

## 2. sqlite3

### 2.1. 系统表

#### (1) `sqlite_master`

sqlite数据库有一个系统表`sqlite_master`储存了数据库表的信息

```sql
sqlite> .mod line
sqlite> select * from sqlite_master;
    type = table
    name = task
tbl_name = task
rootpage = 2
     sql = CREATE TABLE `task` (
  `id` INTEGER PRIMARY KEY AUTOINCREMENT
)

    type = table
    name = sqlite_sequence
tbl_name = sqlite_sequence
rootpage = 3
     sql = CREATE TABLE sqlite_sequence(name,seq)
```

#### (2) `sqlite_sequence`

`sqlite_sequence`表也是SQLite的系统表。该表用来保存其他表的RowID的最大值。数据库被创建时，`sqlite_sequence`表会被自动创建。该表包括两列。第一列为name，用来存储表的名称。第二列为seq，用来保存表对应的RowID的最大值。该值最大值为9223372036854775807。当对应的表增加记录，该表会自动更新。当表删除，该表对应的记录也会自动删除。如果该值超过最大值，会引起`SQL_FULL`错误。所以，一旦发现该错误，用户不仅要检查SQLite文件所在的磁盘空间是否不足，还需要检查是否有表的ROWID达到最大值。

```sql
sqlite> .mod line
sqlite> select * from sqlite_sequence;
 name = task
  seq = 13
```

# 踩坑记
